"№";"НАЗВАНИЕ ";"АДРЕС ";"ЗАЯВКА- СМЕТА ";"номер сим";"ПУЛЬТОВЫЙ  НОМЕР ";"НОМЕР ПУЛЬТА ОХРАНЫ ДЛЯ ПРОВЕРКИ КТС"
"1";"  ИП Шайхутдинов Денис Амирович (АЗС «Tamic  Enerdgy»)";"Московская область, г.Руза, Волоколамское шоссе, 8,";"34930 от 11.04.2025";"9184379648";"53681";"-"
"2";"  ИП Шайхутдинов Денис Амирович (АЗС «Tamic  Enerdgy»)";" Московская область, г. Чехов Симферопольское шоссе 72 км,";"34913 от 11.04.2025";"9184375067";"53673";"-"
"4";"  ИП Шайхутдинов Денис Амирович (АЗС «Tamic  Enerdgy»)";"Московская область, г. Коломна, ул. Октябрьской революции 387Б";"34942 от 11.04.2025";"9184375680";"53674";"-"
"5";"  ИП Шайхутдинов Денис Амирович (АЗС «Tamic  Enerdgy»)";" Московская область, Красногорский рн п Нахабино 26";" 34936 от 11.04.2025";"9184376291";"53675";"-"
"6";"  ИП Шайхутдинов Денис Амирович (АЗС «Tamic  Enerdgy»)";" Московская область, г. Пущино, ул. Балковская, 7,";"34923 от 11.04.2025";"9184376315";"53676";"-"
"7";"  ИП Шайхутдинов Денис Амирович (АЗС «Tamic  Enerdgy»)";"Московская область, п.Новоивановское, Можайское шоссе, 165";"34791 от 10.04.2025";"9184376926";"53677";"-"
"8";"  ИП Шайхутдинов Денис Амирович (АЗС «Tamic  Enerdgy»)";"Московская область, Электросталь, ул. Северная 1";"34806 от 10.04.2025";"9184377591";"53678";"-"
"11";"  ИП Шайхутдинов Денис Амирович (АЗС «Tamic  Enerdgy»)";" г.Москва, Липецкая улица, 3";"34764 от 10.04.2025";"9183988069";"53650";"-"
"12";"  ИП Шайхутдинов Денис Амирович (АЗС «Tamic  Enerdgy»)";" г. Москва, ул. МКАД 53й 6Б стр 1";"34785 от 10.04.2025";"9183995308";"53652";"-"
"13";"  ИП Шайхутдинов Денис Амирович (АЗС «Tamic  Enerdgy»)";" г.Москва, просп. Андропова, 51";"34780 от 10.04.2025";"9183988952";"53651";"-"
"14";"  ИП Шайхутдинов Денис Амирович (АЗС «Tamic  Enerdgy»)";" Московская область, г. Воскресенск, ул. Суворова 1";"34796 от 10.04.2025";"9183995745";"53654";"-"
"15";"  ИП Шайхутдинов Денис Амирович (АЗС «Tamic  Enerdgy»)";"Московская область, г. Серпухов, Северное шоссе 2В";"34823 от 10.04.2025";"9183998790";"53655";"-"
"16";"  ИП Шайхутдинов Денис Амирович (АЗС «Tamic  Enerdgy»)";" Московская область, Бронницы, ул. Льва Толстого 25";"34793 от 10.04.2025";"9184142776";"53656";"-"
"18";"  ИП Шайхутдинов Денис Амирович (АЗС «Tamic  Enerdgy»)";" г. Москва проезд коломенский вл 1 В";"34788 от 10.04.2025";"9184378084";"53679";"-"
"19";"  ИП Шайхутдинов Денис Амирович (АЗС «Tamic  Enerdgy»)";" г. Москва ул Бутлерова 29А стр 1";"34786 от 10.04.2025";"9184148875";"53658";"-"
"20";"  ИП Шайхутдинов Денис Амирович (АЗС «Tamic  Enerdgy»)";" г. Москва, Боровское Шоссе, владение 17";"34776 от 10.04.2025";"9184152621";"53659";"-"
"21";"  ИП Шайхутдинов Денис Амирович (АЗС «Tamic  Enerdgy»)";" Московская область, г. Серпухов, д. Дашковка 117";" 34831 от 10.04.2025";"9184153928";"53660";"-"
"22";"  ИП Шайхутдинов Денис Амирович (АЗС «Tamic  Enerdgy»)";" Московская область, г. Серпухов, Окское шоссе 54.920094, 37.453880";"34825 от 10.04.2025";"9184163982";"53661";"-"
